종목코드,종목명,시장구분,업종명,종가,대비,등락률,시가총액
"095570","AJ네트웍스","KOSPI","일반서비스","4450","-160","-3.47","201374777550"
"006840","AK홀딩스","KOSPI","기타금융","7240","-310","-4.11","95912341640"
"027410","BGF","KOSPI","기타금융","4450","-115","-2.52","425939719950"
"282330","BGF리테일","KOSPI","유통","124200","500","0.40","2146661125200"
"138930","BNK금융지주","KOSPI","기타금융","16820","-290","-1.69","5219700695060"
"001460","BYC","KOSPI","섬유·의류","40700","800","2.01","254218305000"
"001465","BYC우","KOSPI","섬유·의류","27700","-550","-1.95","59661645000"
"001040","CJ","KOSPI","기타금융","161700","-2900","-1.76","4717920576600"
"079160","CJ CGV","KOSPI","오락·문화","4560","0","0.00","755055675600"
"00104K","CJ4우(전환)","KOSPI","기타금융","148200","-1700","-1.13","626369078400"
"000120","CJ대한통운","KOSPI","운송·창고","85500","0","0.00","1950455412000"
"011150","CJ씨푸드","KOSPI","음식료·담배","2170","-75","-3.34","77969777410"
"011155","CJ씨푸드1우","KOSPI","음식료·담배","12090","-820","-6.35","2418000000"
"001045","CJ우","KOSPI","기타금융","79000","-1600","-1.99","178557617000"
"097950","CJ제일제당","KOSPI","음식료·담배","202000","-2000","-0.98","3040945572000"
"097955","CJ제일제당 우","KOSPI","음식료·담배","126000","-700","-0.55","167256558000"
"000480","CR홀딩스","KOSPI","비금속","4790","25","0.52","224605447100"
"000590","CS홀딩스","KOSPI","기타금융","74700","-2200","-2.86","86239805400"
"012030","DB","KOSPI","IT 서비스","2085","-135","-6.08","419447650305"
"005830","DB손해보험","KOSPI","보험","143100","2000","1.42","9373099941900"
"016610","DB증권","KOSPI","증권","11000","-120","-1.08","466910279000"
"000990","DB하이텍","KOSPI","전기·전자","185500","-8800","-4.53","8070101074000"
"000300","DH오토넥스","KOSPI","운송장비·부품","4200","0","0.00","174035631000"
"001530","DI동일","KOSPI","유통","24700","-100","-0.40","511675838700"
"015590","DKME","KOSPI","기계·장비","2425","80","3.41","129486046900"
"000210","DL","KOSPI","화학","54300","-500","-0.91","1137904501200"
"000215","DL우","KOSPI","화학","23850","-300","-1.24","40213842750"
"375500","DL이앤씨","KOSPI","건설","76500","0","0.00","2960062159500"
"37550L","DL이앤씨2우(전환)","KOSPI","건설","46200","-800","-1.70","97572136200"
"37550K","DL이앤씨우","KOSPI","건설","25050","150","0.60","52952819250"
"007340","DN오토모티브","KOSPI","전기·전자","44650","650","1.48","2612510122250"
"004840","DRB동일","KOSPI","화학","4530","-255","-5.33","87303808920"
"155660","DSR","KOSPI","금속","4145","-60","-1.43","66320000000"
"069730","DSR제강","KOSPI","금속","5130","-100","-1.91","73872000000"
"017860","DS단석","KOSPI","화학","17980","-1010","-5.32","319309319220"
"092780","DYP","KOSPI","운송장비·부품","5050","-120","-2.32","66500723000"
"017940","E1","KOSPI","유통","85900","-1400","-1.60","589274000000"
"365550","ESR켄달스퀘어리츠","KOSPI","부동산","3945","-90","-2.23","970821105000"
"383220","F&F","KOSPI","섬유·의류","72900","-300","-0.41","2792585767500"
"007700","F&F홀딩스","KOSPI","기타금융","17670","-150","-0.84","691150864890"
"114090","GKL","KOSPI","오락·문화","10610","-10","-0.09","656288658700"
"078930","GS","KOSPI","기타금융","72500","-1600","-2.16","6734923387500"
"006360","GS건설","KOSPI","건설","30500","1700","5.90","2610235445000"
"001250","GS글로벌","KOSPI","유통","3245","-195","-5.67","267822064180"
"007070","GS리테일","KOSPI","유통","25550","200","0.79","2136169453250"
"078935","GS우","KOSPI","기타금융","54700","-900","-1.62","97348277200"
"499790","GS피앤엘","KOSPI","기타금융","43500","-1400","-3.12","862641583500"
"012630","HDC","KOSPI","기타금융","22100","100","0.45","1320292034100"
"039570","HDC랩스","KOSPI","건설","7730","-210","-2.64","200652255730"
"089470","HDC현대EP","KOSPI","화학","4220","-25","-0.59","134618000000"
"267270","HD건설기계","KOSPI","기계·장비","151500","-3700","-2.38","7260167395500"
"009540","HD한국조선해양","KOSPI","기타금융","423000","8000","1.93","29937028068000"
"267250","HD현대","KOSPI","기타금융","277500","2000","0.73","21920581087500"
"443060","HD현대마린솔루션","KOSPI","일반서비스","224000","-2000","-0.88","10042695040000"
"071970","HD현대마린엔진","KOSPI","기계·장비","71100","-2100","-2.87","2411818294500"
"322000","HD현대에너지솔루션","KOSPI","전기·전자","174800","-4700","-2.62","1957760000000"
"267260","HD현대일렉트릭","KOSPI","전기·전자","1053000","6000","0.57","37957633155000"
"329180","HD현대중공업","KOSPI","운송장비·부품","696000","-8000","-1.14","73053012600000"
"097230","HJ중공업","KOSPI","건설","20550","-200","-0.96","1855569319200"
"014790","HL D&I","KOSPI","건설","2900","-95","-3.17","109789942900"
"003580","HLB글로벌","KOSPI","유통","1675","-89","-5.05","84861370875"
"204320","HL만도","KOSPI","운송장비·부품","62100","400","0.65","2916037152000"
"060980","HL홀딩스","KOSPI","기타금융","44950","200","0.45","408094172650"
"011200","HMM","KOSPI","운송·창고","19560","-50","-0.25","18449734693200"
"035000","HS애드","KOSPI","일반서비스","7150","-80","-1.11","115884654600"
"002460","HS화성","KOSPI","건설","10750","-480","-4.27","109112500000"
"487570","HS효성","KOSPI","기타금융","55800","900","1.64","207906726600"
"298050","HS효성첨단소재","KOSPI","화학","210500","1000","0.48","943029054000"
"015360","INVENI","KOSPI","일반서비스","15120","-360","-2.33","412020000000"
"294870","IPARK현대산업개발","KOSPI","건설","20550","-50","-0.24","1354395631500"
"175330","JB금융지주","KOSPI","기타금융","23900","-200","-0.83","4499260657600"
"204210","JK리버스톤리츠","KOSPI","부동산","2035","0","0.00","15927568525"
"234080","JW생명과학","KOSPI","제약","11360","-200","-1.73","179880533440"
"001060","JW중외제약","KOSPI","제약","27800","-650","-2.28","647348854000"
"001067","JW중외제약2우B","KOSPI","제약","50100","0","0.00","10519647300"
"001065","JW중외제약우","KOSPI","제약","24350","-1150","-4.51","8326506850"
"096760","JW홀딩스","KOSPI","기타금융","3780","-10","-0.26","279436280760"
"008970","KBI동양철관","KOSPI","금속","1441","-54","-3.61","149528112987"
"105560","KB금융","KOSPI","기타금융","150600","900","0.60","56151278523000"
"415640","KB발해인프라","KOSPI","기타금융","9900","-70","-0.70","1213200925200"
"432320","KB스타리츠","KOSPI","부동산","1447","-33","-2.23","218155920395"
"002380","KCC","KOSPI","화학","550000","0","0.00","4726092800000"
"344820","KCC글라스","KOSPI","비금속","25200","100","0.40","402456902400"
"009070","KCTC","KOSPI","운송·창고","4960","-200","-3.88","148800000000"
"009440","KC그린홀딩스","KOSPI","기타금융","756","0","0.00","17568790596"
"119650","KC코트렐","KOSPI","기계·장비","918","0","0.00","100782913662"
"092220","KEC","KOSPI","전기·전자","4965","-185","-3.59","199357798020"
"003620","KG모빌리티","KOSPI","운송장비·부품","3405","-20","-0.58","689086575360"
"016380","KG스틸","KOSPI","금속","5930","-180","-2.95","593052759210"
"001390","KG케미칼","KOSPI","화학","4770","-75","-1.55","320701553100"
"001940","KISCO홀딩스","KOSPI","금속","21900","-600","-2.67","310462722000"
"025000","KPX케미칼","KOSPI","화학","49900","-800","-1.58","218497579100"
"092230","KPX홀딩스","KOSPI","화학","84300","-400","-0.47","356137657800"
"000040","KR모터스","KOSPI","운송장비·부품","334","-16","-4.57","28849311456"
"044450","KSS해운","KOSPI","운송·창고","9910","-240","-2.36","228781070800"
"030200","KT","KOSPI","통신","52800","900","1.73","13306744968000"
"033780","KT&G","KOSPI","음식료·담배","184700","1000","0.54","19173791223200"
"058850","KTcs","KOSPI","IT 서비스","2515","-15","-0.59","104132191750"
"058860","KTis","KOSPI","IT 서비스","2670","0","0.00","92921340000"
"093050","LF","KOSPI","섬유·의류","22500","-350","-1.53","657900000000"
"003550","LG","KOSPI","기타금융","146600","30800","26.60","22608884361000"
"034220","LG디스플레이","KOSPI","전기·전자","16090","1670","11.58","8045000000000"
"051900","LG생활건강","KOSPI","화학","247500","-500","-0.20","3784587345000"
"051905","LG생활건강우","KOSPI","화학","101000","-1400","-1.37","211722159000"
"064400","LG씨엔에스","KOSPI","IT 서비스","113800","26200","29.91","11025620882400"
"373220","LG에너지솔루션","KOSPI","전기·전자","458000","16000","3.62","107172000000000"
"003555","LG우","KOSPI","기타금융","82100","9800","13.55","247219437900"
"032640","LG유플러스","KOSPI","통신","16130","1060","7.03","6846019317160"
"011070","LG이노텍","KOSPI","전기·전자","1458000","324000","28.57","34506642006000"
"066570","LG전자","KOSPI","전기·전자","293000","67500","29.93","47725198934000"
"066575","LG전자우","KOSPI","전기·전자","95700","17200","21.91","1644250314300"
"037560","LG헬로비전","KOSPI","오락·문화","2200","70","3.29","170383103000"
"051910","LG화학","KOSPI","화학","367000","22500","6.53","25907389881000"
"051915","LG화학우","KOSPI","화학","167500","4600","2.82","1287874000000"
"079550","LIG디펜스앤에어로스페이스","KOSPI","금속","801000","-55000","-6.43","17622000000000"
"006260","LS","KOSPI","기타금융","446000","-29500","-6.20","13915200000000"
"010120","LS ELECTRIC","KOSPI","전기·전자","241500","-5000","-2.03","36225000000000"
"000680","LS네트웍스","KOSPI","유통","3335","-220","-6.19","262808058360"
"229640","LS에코에너지","KOSPI","기타금융","69100","-2200","-3.09","2116179138900"
"108320","LX세미콘","KOSPI","전기·전자","52600","-1400","-2.59","855502180000"
"001120","LX인터내셔널","KOSPI","유통","41950","-700","-1.64","1625982000000"
"108670","LX하우시스","KOSPI","화학","33400","-1150","-3.33","299520178000"
"108675","LX하우시스우","KOSPI","화학","16770","-100","-0.59","17312174100"
"383800","LX홀딩스","KOSPI","기타금융","8620","-180","-2.05","657539547800"
"38380K","LX홀딩스1우","KOSPI","기타금융","8010","-160","-1.96","11736932850"
"023150","MH에탄올","KOSPI","음식료·담배","3710","-85","-2.24","27374331460"
"035420","NAVER","KOSPI","IT 서비스","234000","29000","14.15","36708463584000"
"036570","NC","KOSPI","IT 서비스","289500","5000","1.76","6236994369000"
"181710","NHN","KOSPI","IT 서비스","50900","9350","22.50","1667134775100"
"400760","NH올원리츠","KOSPI","부동산","3000","-25","-0.83","164787825000"
"005940","NH투자증권","KOSPI","증권","30200","-250","-0.82","10761599943800"
"005945","NH투자증권우","KOSPI","증권","24600","-300","-1.20","464225812800"
"338100","NH프라임리츠","KOSPI","부동산","3815","-60","-1.55","71187900000"
"034310","NICE","KOSPI","일반서비스","12080","-160","-1.31","444026456560"
"030190","NICE평가정보","KOSPI","IT 서비스","13980","-320","-2.24","823583147460"
"008260","NI스틸","KOSPI","금속","3125","-140","-4.29","89375365625"
"004250","NPC","KOSPI","화학","3145","-40","-1.26","115484400000"
"004255","NPC우","KOSPI","화학","2150","-85","-3.80","11352000000"
"456040","OCI","KOSPI","화학","121500","-6700","-5.23","1087728142500"
"010060","OCI홀딩스","KOSPI","기타금융","349500","-14500","-3.98","6525246084000"
"178920","PI첨단소재","KOSPI","화학","25000","-350","-1.38","734158050000"
"001340","PKC","KOSPI","화학","6980","-700","-9.11","313913271040"
"005490","POSCO홀딩스","KOSPI","금속","423500","3500","0.83","33558786684500"
"010950","S-Oil","KOSPI","화학","107400","400","0.37","12091391860800"
"010955","S-Oil우","KOSPI","화학","51900","-1800","-3.35","208738011300"
"034120","SBS","KOSPI","오락·문화","13310","-200","-1.48","246916977780"
"003080","SB성보","KOSPI","화학","2355","-10","-0.42","47147100000"
"005090","SGC에너지","KOSPI","전기·가스","49950","350","0.71","719746183350"
"001380","SG글로벌","KOSPI","운송장비·부품","1620","-109","-6.30","36420955020"
"004060","SG세계물산","KOSPI","유통","2970","-75","-2.46","60120213120"
"001770","SHD","KOSPI","금속","14470","-560","-3.73","17579284660"
"002360","SH에너지화학","KOSPI","화학","2220","-195","-8.07","24671688060"
"009160","SIMPAC","KOSPI","금속","4940","-180","-3.52","322932581920"
"033530","SJG세종","KOSPI","운송장비·부품","7450","-370","-4.73","207266159450"
"123700","SJM","KOSPI","운송장비·부품","3505","-90","-2.50","54695167490"
"025530","SJM홀딩스","KOSPI","유통","3560","20","0.56","53165068480"
"034730","SK","KOSPI","기타금융","676000","12000","1.81","49011827228000"
"011790","SKC","KOSPI","화학","139300","2100","1.53","5275053911400"
"018670","SK가스","KOSPI","유통","237000","-6500","-2.67","2193966828000"
"001740","SK네트웍스","KOSPI","유통","11280","-700","-5.84","2262699067920"
"006120","SK디스커버리","KOSPI","기타금융","49300","-150","-0.30","858497924300"
"006125","SK디스커버리우","KOSPI","기타금융","39050","-1400","-3.46","48098080250"
"210980","SK디앤디","KOSPI","부동산","12090","-30","-0.25","225084148380"
"395400","SK리츠","KOSPI","부동산","5460","-210","-3.70","1643556205200"
"302440","SK바이오사이언스","KOSPI","제약","40900","900","2.25","3208873017700"
"326030","SK바이오팜","KOSPI","일반서비스","89700","-3800","-4.06","7024698525000"
"402340","SK스퀘어","KOSPI","기타금융","1233000","-4000","-0.32","162704689938000"
"361610","SK아이이테크놀로지","KOSPI","전기·전자","19310","-440","-2.23","1579308901000"
"100090","SK오션플랜트","KOSPI","금속","17010","-240","-1.39","1062752974290"
"03473K","SK우","KOSPI","기타금융","430000","2500","0.58","243438050000"
"096770","SK이노베이션","KOSPI","화학","119200","2200","1.88","20151092329600"
"096775","SK이노베이션우","KOSPI","화학","67600","100","0.15","84393597600"
"475150","SK이터닉스","KOSPI","건설","40100","-200","-0.50","1366086860400"
"001510","SK증권","KOSPI","증권","3250","-200","-5.80","751709026250"
"001515","SK증권우","KOSPI","증권","5950","-280","-4.49","11639729150"
"285130","SK케미칼","KOSPI","화학","43150","-400","-0.92","746441752900"
"28513K","SK케미칼우","KOSPI","화학","22800","-650","-2.77","48231781200"
"017670","SK텔레콤","KOSPI","통신","100600","3700","3.82","21607879331800"
"000660","SK하이닉스","KOSPI","전기·전자","2333000","44000","1.92","1662734617545000"
"003570","SNT다이내믹스","KOSPI","운송장비·부품","43200","-250","-0.58","1436516510400"
"064960","SNT모티브","KOSPI","운송장비·부품","29900","-900","-2.92","793554132800"
"100840","SNT에너지","KOSPI","기계·장비","38150","-1450","-3.66","788971871450"
"036530","SNT홀딩스","KOSPI","기타금융","50800","-1200","-2.31","828237408800"
"000390","SP삼화","KOSPI","화학","7070","-130","-1.81","192328525830"
"011810","STX","KOSPI","유통","3530","0","0.00","109493282310"
"465770","STX그린로지스","KOSPI","운송·창고","3080","20","0.65","22086778560"
"077970","STX엔진","KOSPI","기계·장비","40400","-800","-1.94","1621981745200"
"002820","SUN&L","KOSPI","화학","2145","-75","-3.38","27044136405"
"002170","SYTS","KOSPI","섬유·의류","53600","600","1.13","160800000000"
"084870","TBH글로벌","KOSPI","섬유·의류","1964","11","0.56","40180014784"
"002710","TCC스틸","KOSPI","금속","15240","-730","-4.57","399496742280"
"069260","TKG휴켐스","KOSPI","화학","16580","-170","-1.01","677766989040"
"007980","TP","KOSPI","섬유·의류","1792","-23","-1.27","84040051200"
"002900","TYM","KOSPI","기계·장비","7040","-90","-1.26","291456000000"
"024070","WISCOM","KOSPI","화학","1817","-48","-2.57","27848137846"
"037270","YG PLUS","KOSPI","IT 서비스","3870","-65","-1.65","246376235700"
"139130","iM금융지주","KOSPI","기타금융","17340","-430","-2.42","2785230269220"
"000500","가온전선","KOSPI","전기·전자","322000","-19000","-5.57","5326883030000"
"000860","강남제비스코","KOSPI","화학","13320","-500","-3.62","173160000000"
"035250","강원랜드","KOSPI","오락·문화","15030","-40","-0.27","3215525715000"
"011420","갤럭시아에스엠","KOSPI","오락·문화","1545","-49","-3.07","42564199980"
"002100","경농","KOSPI","화학","9010","-110","-1.21","175898400750"
"009450","경동나비엔","KOSPI","전기·전자","70100","-1900","-2.64","1021258299200"
"267290","경동도시가스","KOSPI","전기·가스","21650","-500","-2.26","127635539900"
"012320","경동인베스트","KOSPI","기타금융","52200","-1100","-2.06","123454200600"
"000050","경방","KOSPI","유통","8500","-400","-4.49","233029795000"
"214390","경보제약","KOSPI","제약","5730","-190","-3.21","136986307800"
"012610","경인양행","KOSPI","화학","4965","-65","-1.29","206625252225"
"009140","경인전자","KOSPI","전기·전자","26450","250","0.95","41547580650"
"013580","계룡건설","KOSPI","건설","21100","0","0.00","188442137700"
"012200","계양전기","KOSPI","기계·장비","7550","-320","-4.07","205532358950"
"012205","계양전기우","KOSPI","기계·장비","13710","1120","8.90","16028073090"
"002140","고려산업","KOSPI","음식료·담배","2170","-80","-3.56","54118552250"
"010130","고려아연","KOSPI","금속","1373000","8000","0.59","28658586437000"
"002240","고려제강","KOSPI","금속","20350","0","0.00","549450000000"
"009290","광동제약","KOSPI","제약","6850","-120","-1.72","341128684800"
"017040","광명전기","KOSPI","전기·전자","932","0","0.00","40390657180"
"017900","광전자","KOSPI","전기·전자","10580","-620","-5.54","613045012540"
"037710","광주신세계","KOSPI","유통","33700","-1000","-2.88","257035696400"
"030610","교보증권","KOSPI","증권","11400","-140","-1.21","1299177755400"
"339770","교촌에프앤비","KOSPI","유통","4030","-70","-1.71","201359272400"
"007690","국도화학","KOSPI","화학","33200","-350","-1.04","307459622400"
"002720","국제약품","KOSPI","제약","3690","-90","-2.38","78079780080"
"083420","그린케미칼","KOSPI","화학","4895","-165","-3.26","117480000000"
"014530","극동유화","KOSPI","화학","3365","-5","-0.15","117335598300"
"014280","금강공업","KOSPI","금속","4655","-110","-2.31","136528156835"
"014285","금강공업우","KOSPI","금속","6750","150","2.27","3981656250"
"008870","금비","KOSPI","비금속","43950","150","0.34","43950000000"
"001570","금양","KOSPI","화학","9900","0","0.00","633275240400"
"002990","금호건설","KOSPI","건설","4070","25","0.62","151648094180"
"002995","금호건설우","KOSPI","건설","13990","-140","-0.99","4088801340"
"011780","금호석유화학","KOSPI","화학","132300","-3500","-2.58","3328314097500"
"011785","금호석유화학우","KOSPI","화학","57000","-1000","-1.72","172338702000"
"214330","금호에이치티","KOSPI","운송장비·부품","2880","-100","-3.36","60231913920"
"001210","금호전기","KOSPI","전기·전자","604","-40","-6.21","37375570132"
"073240","금호타이어","KOSPI","화학","4700","-50","-1.05","1350123348900"
"092440","기신정기","KOSPI","기계·장비","2030","-75","-3.56","59276000000"
"000270","기아","KOSPI","운송장비·부품","169200","4900","2.98","66057879261600"
"024110","기업은행","KOSPI","은행","20200","-250","-1.22","16108002553800"
"013700","까뮤이앤씨","KOSPI","건설","1247","-34","-2.65","74509285010"
"004540","깨끗한나라","KOSPI","종이·목재","1756","-14","-0.79","65394656908"
"004545","깨끗한나라우","KOSPI","종이·목재","9700","0","0.00","3551752000"
"001260","남광토건","KOSPI","건설","8210","-190","-2.26","80725416120"
"008350","남선알미늄","KOSPI","금속","1484","-57","-3.70","191553369560"
"008355","남선알미우","KOSPI","금속","12050","30","0.25","3710074500"
"004270","남성","KOSPI","유통","7000","-100","-1.41","25348512000"
"003920","남양유업","KOSPI","음식료·담배","46450","-1550","-3.23","278700000000"
"003925","남양유업우","KOSPI","음식료·담배","34800","-250","-0.71","69600000000"
"025860","남해화학","KOSPI","화학","7000","-210","-2.91","347751901000"
"005720","넥센","KOSPI","화학","6660","100","1.52","349942886820"
"005725","넥센우","KOSPI","화학","4305","-95","-2.16","15500583000"
"002350","넥센타이어","KOSPI","화학","6570","20","0.31","641677951890"
"002355","넥센타이어1우B","KOSPI","화학","4015","-45","-1.11","26097500000"
"092790","넥스틸","KOSPI","금속","14710","-1290","-8.06","382489420000"
"251270","넷마블","KOSPI","IT 서비스","42500","950","2.29","3482219267500"
"090350","노루페인트","KOSPI","화학","7780","-150","-1.89","155600000000"
"090355","노루페인트우","KOSPI","화학","11990","190","1.61","5552880740"
"000320","노루홀딩스","KOSPI","기타금융","18450","150","0.82","245221735950"
"000325","노루홀딩스우","KOSPI","기타금융","28000","-750","-2.61","6819652000"
"006280","녹십자","KOSPI","제약","141400","-1300","-0.91","1652476473200"
"005250","녹십자홀딩스","KOSPI","일반서비스","12920","-470","-3.51","607604473200"
"005257","녹십자홀딩스2우","KOSPI","일반서비스","22800","-800","-3.39","19288572000"
"004370","농심","KOSPI","음식료·담배","385000","-3000","-0.77","2341817170000"
"072710","농심홀딩스","KOSPI","기타금융","91400","-1100","-1.19","423894006000"
"058730","다스코","KOSPI","금속","2580","-100","-3.73","51466410180"
"030210","다올투자증권","KOSPI","증권","3720","-80","-2.11","226589314320"
"023590","다우기술","KOSPI","IT 서비스","39550","-350","-0.88","1712013189600"
"145210","다이나믹디자인","KOSPI","기계·장비","224","0","0.00","9461013632"
"483650","달바글로벌","KOSPI","화학","197000","-5000","-2.48","2456425505000"
"019680","대교","KOSPI","일반서비스","1152","7","0.61","97577683200"
"019685","대교우B","KOSPI","일반서비스","851","-32","-3.62","16532368490"
"006370","대구백화점","KOSPI","유통","5150","-250","-4.63","55731296650"
"008060","대덕","KOSPI","기타금융","21550","100","0.47","674236961900"
"00806K","대덕1우","KOSPI","기타금융","13400","-120","-0.89","16245583800"
"353200","대덕전자","KOSPI","전기·전자","190900","26100","15.84","9433690982500"
"35320K","대덕전자1우","KOSPI","전기·전자","39200","2300","6.23","82144344800"
"000490","대동","KOSPI","기계·장비","8520","-90","-1.05","245604889800"
"005750","대림바스","KOSPI","비금속","4585","-165","-3.47","76075420400"
"006570","대림통상","KOSPI","금속","1814","-96","-5.03","27618150000"
"001680","대상","KOSPI","음식료·담배","19250","150","0.79","666974481250"
"001685","대상우","KOSPI","음식료·담배","15430","-180","-1.15","21142540890"
"084690","대상홀딩스","KOSPI","기타금융","9290","-120","-1.28","336414478020"
"084695","대상홀딩스우","KOSPI","기타금융","13610","-90","-0.66","12432490020"
"128820","대성산업","KOSPI","유통","5800","-230","-3.81","262365772400"
"117580","대성에너지","KOSPI","전기·가스","7560","-130","-1.69","207900000000"
"016710","대성홀딩스","KOSPI","일반서비스","7240","-100","-1.36","116487683160"
"0030R0","대신밸류리츠","KOSPI","기타금융","4180","5","0.12","249880400000"
"003540","대신증권","KOSPI","증권","30600","-600","-1.92","1506124747800"
"003547","대신증권2우B","KOSPI","증권","19980","120","0.60","195870593340"
"003545","대신증권우","KOSPI","증권","20700","-50","-0.24","521467506900"
"009190","대양금속","KOSPI","금속","2315","305","15.17","99990926875"
"014160","대영포장","KOSPI","종이·목재","920","-11","-1.18","99722985080"
"047040","대우건설","KOSPI","건설","26200","750","2.95","10765780115600"
"003090","대웅","KOSPI","제약","18840","-160","-0.84","1095394903200"
"069620","대웅제약","KOSPI","제약","130600","-1100","-0.84","1513206695000"
"000430","대원강업","KOSPI","운송장비·부품","4710","-45","-0.95","292020000000"
"006340","대원전선","KOSPI","전기·전자","11940","-420","-3.40","936268127040"
"006345","대원전선우","KOSPI","전기·전자","13900","-1060","-7.09","36434680000"
"003220","대원제약","KOSPI","제약","8730","-240","-2.68","195792799590"
"024890","대원화성","KOSPI","화학","3195","-375","-10.50","26358206850"
"012800","대창","KOSPI","금속","1447","-63","-4.17","131880302053"
"015230","대창단조","KOSPI","운송장비·부품","6130","-90","-1.45","166390390600"
"001070","대한방직","KOSPI","섬유·의류","6250","-230","-3.55","33125000000"
"006650","대한유화","KOSPI","화학","128300","0","0.00","833950000000"
"001440","대한전선","KOSPI","전기·전자","45450","-2350","-4.92","8907863488200"
"084010","대한제강","KOSPI","금속","9170","-160","-1.71","315187535320"
"001790","대한제당","KOSPI","음식료·담배","2505","-60","-2.34","216035997075"
"001795","대한제당우","KOSPI","음식료·담배","2200","-10","-0.45","14262072000"
"001130","대한제분","KOSPI","음식료·담배","11640","-180","-1.52","196716000000"
"439260","대한조선","KOSPI","운송장비·부품","63200","-1000","-1.56","2407207736000"
"003490","대한항공","KOSPI","운송·창고","26800","-200","-0.74","9868313714800"
"003495","대한항공우","KOSPI","운송·창고","22850","100","0.44","25381642900"
"005880","대한해운","KOSPI","운송·창고","2250","-75","-3.23","726181515000"
"003830","대한화섬","KOSPI","화학","113000","-600","-0.53","150064000000"
"016090","대현","KOSPI","섬유·의류","1612","-1","-0.06","71383083720"
"069460","대호에이엘","KOSPI","금속","2660","0","0.00","46322277400"
"475560","더본코리아","KOSPI","유통","17340","10","0.06","257116999800"
"192080","더블유게임즈","KOSPI","IT 서비스","68400","-1600","-2.29","1448265211200"
"012510","더존비즈온","KOSPI","IT 서비스","120000","0","0.00","3494865960000"
"004830","덕성","KOSPI","화학","3930","-150","-3.68","61622400000"
"004835","덕성우","KOSPI","화학","6120","60","0.99","8519040000"
"145720","덴티움","KOSPI","의료·정밀기기","46700","-700","-1.48","402735709700"
"002150","도화엔지니어링","KOSPI","일반서비스","5660","-70","-1.22","190855200000"
"460850","동국씨엠","KOSPI","금속","5650","-180","-3.09","168927406400"
"460860","동국제강","KOSPI","금속","10950","-490","-4.28","543207786150"
"001230","동국홀딩스","KOSPI","기타금융","2050","-495","-19.45","318790815750"
"023450","동남합성","KOSPI","화학","28900","0","0.00","101150000000"
"004140","동방","KOSPI","운송·창고","2080","-80","-3.70","99781273280"
"007590","동방아그로","KOSPI","화학","5980","20","0.34","81433110460"
"005960","동부건설","KOSPI","건설","6940","-140","-1.98","159249841220"
"005965","동부건설우","KOSPI","건설","16920","-740","-4.19","3819385440"
"026960","동서","KOSPI","유통","24550","-300","-1.21","2447635000000"
"002210","동성제약","KOSPI","제약","973","0","0.00","94010780311"
"102260","동성케미컬","KOSPI","화학","3885","-110","-2.75","196851361035"
"000640","동아쏘시오홀딩스","KOSPI","기타금융","90300","0","0.00","607947188100"
"170900","동아에스티","KOSPI","제약","40000","-950","-2.32","389112760000"
"028100","동아지질","KOSPI","건설","14610","-490","-3.25","195620624220"
"001520","동양","KOSPI","비금속","598","-26","-4.17","142733069674"
"001527","동양2우B","KOSPI","비금속","7400","-290","-3.77","2283410600"
"084670","동양고속","KOSPI","운송·창고","36300","-1500","-3.97","105109154700"
"082640","동양생명","KOSPI","보험","7400","-90","-1.20","1154863099400"
"001525","동양우","KOSPI","비금속","4820","120","2.55","2977463420"
"018500","동원금속","KOSPI","운송장비·부품","1530","-59","-3.71","71535047490"
"006040","동원산업","KOSPI","기타금융","35500","300","0.85","1566999074500"
"030720","동원수산","KOSPI","농업, 임업 및 어업","6000","-130","-2.12","27922830000"
"014820","동원시스템즈","KOSPI","화학","21950","-500","-2.23","636358639900"
"014825","동원시스템즈우","KOSPI","화학","15260","-840","-5.22","4030333860"
"111380","동인기연","KOSPI","섬유·의류","13390","-160","-1.18","82053920000"
"163560","동일고무벨트","KOSPI","화학","6620","-120","-1.78","92018000000"
"004890","동일산업","KOSPI","금속","37650","-200","-0.53","91309344750"
"002690","동일제강","KOSPI","금속","1468","-14","-0.94","29800928480"
"000020","동화약품","KOSPI","제약","5630","-170","-2.93","157254176100"
"000150","두산","KOSPI","전기·전자","1972000","312000","18.80","31934242620000"
"000157","두산2우B","KOSPI","전기·전자","535000","48000","9.86","477775330000"
"454910","두산로보틱스","KOSPI","기계·장비","106500","6100","6.08","6903327870000"
"241560","두산밥캣","KOSPI","기계·장비","64700","-2100","-3.14","6201887405500"
"034020","두산에너빌리티","KOSPI","기계·장비","105600","-300","-0.28","67643257017600"
"000155","두산우","KOSPI","전기·전자","659000","75000","12.84","2633668458000"
"336260","두산퓨얼셀","KOSPI","전기·전자","91400","-7100","-7.21","5986126556400"
"33626K","두산퓨얼셀1우","KOSPI","전기·전자","10240","-1010","-8.98","136849408000"
"33626L","두산퓨얼셀2우B","KOSPI","전기·전자","10690","-600","-5.31","31923547000"
"016740","두올","KOSPI","운송장비·부품","4580","-145","-3.07","131327029920"
"192650","드림텍","KOSPI","전기·전자","4945","-95","-1.88","341077414055"
"024090","디씨엠","KOSPI","금속","11210","-120","-1.06","127794000000"
"003160","디아이","KOSPI","의료·정밀기기","27850","-750","-2.62","788155000000"
"092200","디아이씨","KOSPI","운송장비·부품","8480","280","3.41","329775065120"
"377190","디앤디플랫폼리츠","KOSPI","부동산","2450","-120","-4.67","216580000000"
"013570","디와이","KOSPI","기타금융","3970","-140","-3.41","104488943010"
"024900","디와이덕양","KOSPI","운송장비·부품","1809","-75","-3.98","58910048820"
"002880","디와이에이","KOSPI","운송장비·부품","795","-5","-0.63","37185326025"
"210540","디와이파워","KOSPI","기계·장비","12960","-200","-1.52","143100535680"
"032350","롯데관광개발","KOSPI","일반서비스","19100","-370","-1.90","1520388153400"
"089860","롯데렌탈","KOSPI","일반서비스","31250","-100","-0.32","1134668375000"
"330590","롯데리츠","KOSPI","부동산","3810","-55","-1.42","1100971448040"
"000400","롯데손해보험","KOSPI","보험","2040","-100","-4.67","633086092800"
"023530","롯데쇼핑","KOSPI","유통","147700","-3600","-2.38","4178249113500"
"020150","롯데에너지머티리얼즈","KOSPI","전기·전자","56100","-1200","-2.09","2937702474300"
"280360","롯데웰푸드","KOSPI","음식료·담배","112900","-1300","-1.14","1039196404600"
"286940","롯데이노베이트","KOSPI","IT 서비스","22450","2450","12.25","339654289150"
"004000","롯데정밀화학","KOSPI","화학","52700","100","0.19","1359660000000"
"004990","롯데지주","KOSPI","기타금융","25450","-350","-1.36","2536443099200"
"00499K","롯데지주우","KOSPI","기타금융","25750","-400","-1.53","20744277250"
"005300","롯데칠성","KOSPI","음식료·담배","109000","700","0.65","1011398356000"
"005305","롯데칠성우","KOSPI","음식료·담배","73800","-500","-0.67","57217878000"
"011170","롯데케미칼","KOSPI","화학","80700","-800","-0.98","3451976313300"
"071840","롯데하이마트","KOSPI","유통","6790","-40","-0.59","160296364480"
"027740","마니커","KOSPI","음식료·담배","1230","-82","-6.25","39059405220"
"357430","마스턴프리미어리츠","KOSPI","부동산","813","-16","-1.93","24800814591"
"001080","만호제강","KOSPI","금속","5070","85","1.71","210405000000"
"088980","맥쿼리인프라","KOSPI","기타금융","10960","-60","-0.54","5248985043280"
"094800","맵스리얼티","KOSPI","기타금융","5500","-190","-3.34","510588820500"
"138040","메리츠금융지주","KOSPI","기타금융","102900","-100","-0.10","17220034391700"
"090370","메타랩스","KOSPI","섬유·의류","1306","-30","-2.25","32525523834"
"118000","메타케어","KOSPI","유통","1438","-75","-4.96","24701584368"
"017180","명문제약","KOSPI","제약","1430","-65","-4.35","48553439220"
"009900","명신산업","KOSPI","운송장비·부품","9640","-390","-3.89","505812082120"
"317450","명인제약","KOSPI","제약","47050","-950","-1.98","686930000000"
"012690","모나리자","KOSPI","종이·목재","1766","-94","-5.05","64584836330"
"005360","모나미","KOSPI","유통","1394","-58","-3.99","26342845958"
"070960","모나용평","KOSPI","일반서비스","2605","-100","-3.70","125387332465"
"009680","모토닉","KOSPI","운송장비·부품","10050","-30","-0.30","218417594700"
"009580","무림P&P","KOSPI","종이·목재","2050","-40","-1.91","127855064200"
"009200","무림페이퍼","KOSPI","종이·목재","1591","-40","-2.45","66200412210"
"033920","무학","KOSPI","음식료·담배","7460","-200","-2.61","212610000000"
"008420","문배철강","KOSPI","금속","2085","-110","-5.01","42749807925"
"025560","미래산업","KOSPI","의료·정밀기기","37000","-1700","-4.39","188360636000"
"007120","미래아이앤지","KOSPI","IT 서비스","1336","35","2.69","38581820288"
"396690","미래에셋글로벌리츠","KOSPI","부동산","1330","-33","-2.42","52675900200"
"357250","미래에셋맵스리츠","KOSPI","부동산","1969","-51","-2.52","49215361745"
"085620","미래에셋생명","KOSPI","보험","14700","30","0.20","1987146000000"
"006800","미래에셋증권","KOSPI","증권","61400","-600","-0.97","34357406432000"
"00680K","미래에셋증권2우B","KOSPI","증권","15610","-660","-4.06","2130765000000"
"006805","미래에셋증권우","KOSPI","증권","16910","-500","-2.87","238020932500"
"081660","미스토홀딩스","KOSPI","유통","37450","-800","-2.09","1988289408000"
"002840","미원상사","KOSPI","화학","120500","600","0.50","572375000000"
"268280","미원에스씨","KOSPI","화학","100400","1400","1.41","502000000000"
"107590","미원홀딩스","KOSPI","기타금융","57000","0","0.00","132240000000"
"134380","미원화학","KOSPI","화학","10110","-190","-1.84","222345994800"
"003650","미창석유","KOSPI","화학","123300","-2200","-1.75","214501557600"
"377740","바이오노트","KOSPI","제약","4890","-60","-1.21","498222774720"
"003610","방림","KOSPI","섬유·의류","5150","-40","-0.77","186441113700"
"035150","백산","KOSPI","화학","10600","-140","-1.30","212305714600"
"002410","범양건영","KOSPI","건설","1935","0","0.00","53173451700"
"007210","벽산","KOSPI","비금속","1680","-29","-1.70","109804800000"
"002760","보락","KOSPI","화학","973","-20","-2.01","58282700000"
"003850","보령","KOSPI","제약","9020","-110","-1.20","773800607140"
"000890","보해양조","KOSPI","음식료·담배","1428","-35","-2.39","39447107700"
"003000","부광약품","KOSPI","제약","4855","-195","-3.86","479016977705"
"001270","부국증권","KOSPI","증권","60100","-1200","-1.96","623230148600"
"001275","부국증권우","KOSPI","증권","31150","-450","-1.42","93450000000"
"026940","부국철강","KOSPI","금속","2155","-45","-2.05","43100000000"
"011390","부산산업","KOSPI","비금속","51400","-1000","-1.91","54278400000"
"005030","부산주공","KOSPI","운송장비·부품","486","0","0.00","45092532168"
"006740","블루산업개발","KOSPI","종이·목재","6500","-320","-4.69","30861772500"
"002070","비비안","KOSPI","섬유·의류","7930","-610","-7.14","19066447920"
"100220","비상교육","KOSPI","오락·문화","5320","-370","-6.50","69142662120"
"090460","비에이치","KOSPI","전기·전자","30650","-1500","-4.67","1033258639700"
"005180","빙그레","KOSPI","음식료·담배","72600","600","0.83","672931650600"
"003960","사조대림","KOSPI","음식료·담배","27950","-600","-2.10","256146852650"
"008040","사조동아원","KOSPI","음식료·담배","916","-8","-0.87","129288453600"
"007160","사조산업","KOSPI","음식료·담배","44150","-1150","-2.54","220750000000"
"014710","사조씨푸드","KOSPI","음식료·담배","7000","-170","-2.37","120529801000"
"006090","사조오양","KOSPI","음식료·담배","8080","-30","-0.37","76135731120"
"062040","산일전기","KOSPI","전기·전자","247000","-6000","-2.37","7562114950000"
"005610","삼립","KOSPI","음식료·담배","42250","-450","-1.05","364575630250"
"001470","삼부토건","KOSPI","건설","347","0","0.00","79699592928"
"028050","삼성E&A","KOSPI","일반서비스","52900","2100","4.13","10368400000000"
"448730","삼성FN리츠","KOSPI","부동산","5340","-230","-4.13","486207000000"
"006400","삼성SDI","KOSPI","전기·전자","688000","12000","1.78","55442844640000"
"006405","삼성SDI우","KOSPI","전기·전자","296000","-5000","-1.66","478897216000"
"006660","삼성공조","KOSPI","운송장비·부품","16320","-850","-4.95","132621444480"
"028260","삼성물산","KOSPI","유통","432500","33000","8.26","70137478782500"
"02826K","삼성물산우B","KOSPI","유통","229000","8000","3.62","336078110000"
"207940","삼성바이오로직스","KOSPI","제약","1363000","-10000","-0.73","63094566213000"
"032830","삼성생명","KOSPI","보험","388500","31000","8.67","77700000000000"
"018260","삼성에스디에스","KOSPI","IT 서비스","299000","50500","20.32","23135962200000"
"0126Z0","삼성에피스홀딩스","KOSPI","기타금융","484000","13500","2.87","12043395716000"
"009150","삼성전기","KOSPI","전기·전자","2127000","278000","15.04","158873491392000"
"009155","삼성전기우","KOSPI","전기·전자","765000","176000","29.88","2223842760000"
"005930","삼성전자","KOSPI","전기·전자","317000","17500","5.84","1853270318736000"
"005935","삼성전자우","KOSPI","전기·전자","202500","11600","6.08","162480168607500"
"001360","삼성제약","KOSPI","제약","1515","-39","-2.51","142655549685"
"010140","삼성중공업","KOSPI","운송장비·부품","27950","-450","-1.58","24596000000000"
"016360","삼성증권","KOSPI","증권","119800","-1000","-0.83","10698140000000"
"068290","삼성출판사","KOSPI","오락·문화","6530","-180","-2.68","65300000000"
"029780","삼성카드","KOSPI","기타금융","46150","-800","-1.70","5346887819650"
"000810","삼성화재","KOSPI","보험","569000","9000","1.61","25404412137000"
"000815","삼성화재우","KOSPI","보험","366000","-3500","-0.95","1100569320000"
"006110","삼아알미늄","KOSPI","금속","72800","-14100","-16.23","1100987524000"
"0120G0","삼양바이오팜","KOSPI","제약","57300","-2600","-4.34","426075351000"
"145990","삼양사","KOSPI","음식료·담배","43050","600","1.41","443993979450"
"145995","삼양사우","KOSPI","음식료·담배","30400","-500","-1.62","11250128000"
"003230","삼양식품","KOSPI","음식료·담배","1205000","-6000","-0.50","9077283075000"
"272550","삼양패키징","KOSPI","화학","9600","-260","-2.64","144656697600"
"000070","삼양홀딩스","KOSPI","기타금융","56900","0","0.00","441725567900"
"003720","삼영","KOSPI","화학","9410","-780","-7.65","319940000000"
"002810","삼영무역","KOSPI","유통","20850","-950","-4.36","385035865800"
"005680","삼영전자","KOSPI","전기·전자","14360","-790","-5.21","287200000000"
"023000","삼원강재","KOSPI","운송장비·부품","2240","-20","-0.88","89017501440"
"004380","삼익THK","KOSPI","기계·장비","11110","-470","-4.06","229977000000"
"002450","삼익악기","KOSPI","기타제조","1197","-9","-0.75","108365505255"
"004440","삼일씨엔에스","KOSPI","비금속","5190","-270","-4.95","66078804930"
"000520","삼일제약","KOSPI","제약","7420","-170","-2.24","160953237620"
"009770","삼정펄프","KOSPI","종이·목재","27350","-1000","-3.53","68374206850"
"005500","삼진제약","KOSPI","제약","20350","-600","-2.86","271062000000"
"004690","삼천리","KOSPI","전기·가스","124600","-1100","-0.88","451896414200"
"010960","삼호개발","KOSPI","건설","3260","-50","-1.51","78631200000"
"004450","삼화왕관","KOSPI","금속","25850","-650","-2.45","55690697150"
"009470","삼화전기","KOSPI","전기·전자","38150","-2300","-5.69","252317233000"
"011230","삼화전자","KOSPI","전기·전자","3365","-540","-13.83","64492866525"
"001820","삼화콘덴서","KOSPI","전기·전자","149100","-7100","-4.55","1549894500000"
"001290","상상인증권","KOSPI","증권","1012","-34","-3.25","109637165440"
"041650","상신브레이크","KOSPI","운송장비·부품","2440","-80","-3.17","52390338000"
"075180","새론오토모티브","KOSPI","운송장비·부품","2840","-55","-1.90","54528000000"
"007540","샘표","KOSPI","기타금융","44250","-1300","-2.85","127254150000"
"248170","샘표식품","KOSPI","음식료·담배","23800","-400","-1.65","108725206800"
"007860","서연","KOSPI","기타금융","8840","-250","-2.75","207561820960"
"200880","서연이화","KOSPI","운송장비·부품","13550","-100","-0.73","366235321350"
"017390","서울가스","KOSPI","전기·가스","56000","-1000","-1.75","277200000000"
"031210","서울보증보험","KOSPI","보험","43650","-1050","-2.35","3047712752700"
"004410","서울식품","KOSPI","음식료·담배","1200","58","5.08","47346015600"
"004415","서울식품우","KOSPI","음식료·담배","10070","2320","29.94","2240071500"
"021050","서원","KOSPI","금속","1287","-54","-4.03","61099797330"
"008490","서흥","KOSPI","화학","19960","-1040","-4.95","230919495480"
"007610","선도전기","KOSPI","전기·전자","7670","-760","-9.02","138060000000"
"136490","선진","KOSPI","음식료·담배","9920","0","0.00","235893671680"
"014910","성문전자","KOSPI","전기·전자","3140","105","3.46","68631786980"
"014915","성문전자우","KOSPI","전기·전자","4860","0","0.00","2916000000"
"004980","성신양회","KOSPI","비금속","9100","-120","-1.30","223096264300"
"004985","성신양회우","KOSPI","비금속","10290","-200","-1.91","7569787050"
"000180","성창기업지주","KOSPI","일반서비스","5800","0","0.00","80911856000"
"002420","세기상사","KOSPI","유통","5880","-510","-7.98","35103294240"
"004360","세방","KOSPI","운송·창고","13720","120","0.88","262266073160"
"004365","세방우","KOSPI","운송·창고","9190","-10","-0.11","33904207500"
"004490","세방전지","KOSPI","전기·전자","56000","-100","-0.18","776160000000"
"001430","세아베스틸지주","KOSPI","금속","53500","-2000","-3.60","1918623366500"
"306200","세아제강","KOSPI","금속","142200","-2800","-1.93","403321860000"
"003030","세아제강지주","KOSPI","기타금융","153200","-7800","-4.84","634501852400"
"058650","세아홀딩스","KOSPI","금속","156100","-800","-0.51","662213039600"
"013000","세우글로벌","KOSPI","유통","1344","-49","-3.52","38579561664"
"021820","세원정공","KOSPI","운송장비·부품","11890","-70","-0.59","118900000000"
"067830","세이브존I&C","KOSPI","유통","2600","15","0.58","106706327000"
"075580","세진중공업","KOSPI","운송장비·부품","14930","-560","-3.62","848762378080"
"068270","셀트리온","KOSPI","제약","192900","2900","1.53","42847399578900"
"336370","솔루스첨단소재","KOSPI","전기·전자","11690","2390","25.70","820840751360"
"33637K","솔루스첨단소재1우","KOSPI","전기·전자","1880","116","6.58","31788480080"
"33637L","솔루스첨단소재2우B","KOSPI","전기·전자","2760","180","6.98","10428096960"
"248070","솔루엠","KOSPI","전기·전자","20000","-350","-1.72","956324720000"
"004430","송원산업","KOSPI","화학","10500","-490","-4.46","252000000000"
"017550","수산세보틱스","KOSPI","기계·장비","2830","255","9.90","176589537900"
"126720","수산인더스트리","KOSPI","건설","26450","-950","-3.47","377864700000"
"053210","스카이라이프","KOSPI","오락·문화","4430","-50","-1.12","210526690650"
"026890","스틱인베스트먼트","KOSPI","기타금융","7890","-160","-1.99","305901903930"
"134790","시디즈","KOSPI","기타제조","18780","-380","-1.98","37560000000"
"462870","시프트업","KOSPI","IT 서비스","28500","-100","-0.35","1671648690000"
"016590","신대양제지","KOSPI","종이·목재","9750","-350","-3.47","392903745000"
"029530","신도리코","KOSPI","전기·전자","41900","-1750","-4.01","407089045100"
"004970","신라교역","KOSPI","농업, 임업 및 어업","9100","-160","-1.73","145600000000"
"011930","신성이엔지","KOSPI","전기·전자","24000","-1400","-5.51","494035560000"
"004170","신세계","KOSPI","유통","515000","-6000","-1.15","4864268215000"
"035510","신세계 I&C","KOSPI","IT 서비스","16910","1830","12.14","236417019000"
"031430","신세계인터내셔날","KOSPI","유통","14000","150","1.08","489804000000"
"031440","신세계푸드","KOSPI","일반서비스","42800","-100","-0.23","165742144000"
"006880","신송홀딩스","KOSPI","유통","5740","-200","-3.37","67897644920"
"005800","신영와코루","KOSPI","섬유·의류","14120","0","0.00","127080000000"
"001720","신영증권","KOSPI","증권","172000","-1500","-0.86","2827680000000"
"009270","신원","KOSPI","섬유·의류","1133","-1","-0.09","130034855269"
"002700","신일전자","KOSPI","유통","1226","-20","-1.61","85878260746"
"002870","신풍","KOSPI","유통","1030","-14","-1.34","36007461000"
"019170","신풍제약","KOSPI","제약","10060","-260","-2.52","527330331320"
"019175","신풍제약우","KOSPI","제약","16000","-480","-2.91","31859680000"
"481850","신한글로벌액티브리츠","KOSPI","기타금융","950","8","0.85","41303780800"
"404990","신한서부티엔디리츠","KOSPI","부동산","3570","-130","-3.51","218600324880"
"293940","신한알파리츠","KOSPI","부동산","5320","-50","-0.93","643401454360"
"055550","신한지주","KOSPI","기타금융","93600","800","0.86","44427648189600"
"004080","신흥","KOSPI","유통","13600","0","0.00","127840000000"
"004770","써니전자","KOSPI","전기·전자","1566","-17","-1.07","55604647908"
"403550","쏘카","KOSPI","일반서비스","13230","-910","-6.44","434498363460"
"004920","씨아이테크","KOSPI","전기·전자","970","-25","-2.51","50614475840"
"112610","씨에스윈드","KOSPI","금속","47500","-500","-1.04","2003141642500"
"480370","씨케이솔루션","KOSPI","기계·장비","1864","-120","-6.05","60545344512"
"308170","씨티알모빌리티","KOSPI","운송장비·부품","4075","-65","-1.57","35085750000"
"008700","아남전자","KOSPI","전기·전자","1282","72","5.95","98874019240"
"090430","아모레퍼시픽","KOSPI","화학","115100","-300","-0.26","6732516560900"
"090435","아모레퍼시픽우","KOSPI","화학","37400","-700","-1.84","394862842000"
"002790","아모레퍼시픽홀딩스","KOSPI","화학","22900","200","0.88","1750892322000"
"00279K","아모레퍼시픽홀딩스3우C","KOSPI","화학","20300","150","0.74","143971660000"
"002795","아모레퍼시픽홀딩스우","KOSPI","화학","10270","-150","-1.44","65534636440"
"002030","아세아","KOSPI","일반서비스","202000","-1000","-0.49","415888104000"
"183190","아세아시멘트","KOSPI","비금속","9960","60","0.61","363604022880"
"002310","아세아제지","KOSPI","종이·목재","7800","-170","-2.13","307706178000"
"012170","아센디오","KOSPI","오락·문화","1572","245","18.46","30486261312"
"267850","아시아나IDT","KOSPI","IT 서비스","9960","-270","-2.64","110556000000"
"020560","아시아나항공","KOSPI","운송·창고","7330","-110","-1.48","1509911911630"
"122900","아이마켓코리아","KOSPI","유통","7350","-100","-1.34","245701974000"
"010780","아이에스동서","KOSPI","비금속","28800","-1350","-4.48","869384908800"
"031820","아이티센씨티에스","KOSPI","IT 서비스","6750","-210","-3.02","81709735500"
"139990","아주스틸","KOSPI","금속","2810","-85","-2.94","108902713340"
"009320","아진전자부품","KOSPI","운송장비·부품","929","-33","-3.43","45799486330"
"001780","알루코","KOSPI","금속","2235","-95","-4.08","216415345020"
"018250","애경산업","KOSPI","화학","14160","1000","7.60","373964679600"
"161000","애경케미칼","KOSPI","화학","12850","-710","-5.24","625135910650"
"011090","에넥스","KOSPI","기타제조","1414","-3","-0.21","16965635792"
"137310","에스디바이오센서","KOSPI","의료·정밀기기","7780","-50","-0.64","939428013560"
"005850","에스엘","KOSPI","운송장비·부품","75100","-500","-0.66","3488283852000"
"010580","에스엠벡셀","KOSPI","운송장비·부품","2310","-190","-7.60","256991565600"
"012750","에스원","KOSPI","일반서비스","68400","200","0.29","2599143775200"
"023960","에쓰씨엔지니어링","KOSPI","건설","1040","-3","-0.29","39557414000"
"298690","에어부산","KOSPI","운송·창고","1802","-47","-2.54","210185280000"
"140910","에이리츠","KOSPI","부동산","1098","-2032","-64.92","4900409136"
"078520","에이블씨엔씨","KOSPI","화학","12320","-600","-4.64","320494463520"
"015260","에이엔피","KOSPI","전기·전자","517","-27","-4.96","24359434198"
"007460","에이프로젠","KOSPI","제약","3890","-70","-1.77","87223921780"
"003060","에이프로젠바이오로직스","KOSPI","제약","3165","50","1.61","45615163710"
"244920","에이플러스에셋","KOSPI","기타금융","10100","-420","-3.99","228337699300"
"278470","에이피알","KOSPI","화학","395500","-5000","-1.25","14806790302500"
"450080","에코프로머티","KOSPI","전기·전자","62200","-2300","-3.57","4397888755400"
"019490","엑시큐어하이트론","KOSPI","전기·전자","541","0","0.00","41349858070"
"085310","엔케이","KOSPI","금속","1169","0","0.00","86717288567"
"900140","엘브이엠씨홀딩스","KOSPI","유통","1459","27","1.89","281937790288"
"066970","엘앤에프","KOSPI","전기·전자","168300","-900","-0.53","6808658462100"
"097520","엠씨넥스","KOSPI","전기·전자","21900","300","1.39","381092850000"
"484870","엠앤씨솔루션","KOSPI","기계·장비","74800","-1300","-1.71","684711720000"
"014440","영보화학","KOSPI","화학","4465","-25","-0.56","89300000000"
"111770","영원무역","KOSPI","유통","79500","-2300","-2.81","3522761706000"
"009970","영원무역홀딩스","KOSPI","기타금융","191500","-4000","-2.05","2585103885500"
"003520","영진약품","KOSPI","제약","1299","-51","-3.78","237577657569"
"000670","영풍","KOSPI","금속","51700","100","0.19","951832311100"
"012280","영화금속","KOSPI","운송장비·부품","911","-22","-2.36","45116824055"
"012160","영흥","KOSPI","금속","416","30","7.77","32491063072"
"007310","오뚜기","KOSPI","음식료·담배","334000","-5000","-1.47","1338615220000"
"002630","오리엔트바이오","KOSPI","제약","483","0","0.00","57275591415"
"271560","오리온","KOSPI","음식료·담배","129600","-4600","-3.43","5123882707200"
"001800","오리온홀딩스","KOSPI","기타금융","25050","-100","-0.40","1569267821100"
"005320","온타이드","KOSPI","유통","1095","3","0.27","37435690275"
"011690","와이투솔루션","KOSPI","전기·전자","5080","-280","-5.22","186458321520"
"316140","우리금융지주","KOSPI","기타금융","29700","-350","-1.16","21802066704000"
"006980","우성","KOSPI","음식료·담배","18810","-500","-2.59","58122900000"
"011300","우성머티리얼스","KOSPI","섬유·의류","2850","400","16.33","45190685850"
"017370","우신시스템","KOSPI","기계·장비","4730","-100","-2.07","86625475420"
"105840","우진","KOSPI","의료·정밀기기","20100","-650","-3.13","405973167000"
"010400","우진아이엔에스","KOSPI","건설","3715","-55","-1.46","28315730000"
"049800","우진플라임","KOSPI","기계·장비","2030","-75","-3.56","40600000000"
"016880","웅진","KOSPI","일반서비스","2120","-70","-3.20","169445409600"
"095720","웅진씽크빅","KOSPI","일반서비스","1543","-75","-4.64","87684192155"
"005820","원림","KOSPI","섬유·의류","14530","-260","-1.76","33389504100"
"008600","윌비스","KOSPI","유통","2620","0","0.00","17615839860"
"033270","유나이티드제약","KOSPI","제약","18550","-100","-0.54","295144876250"
"014830","유니드","KOSPI","화학","71300","-200","-0.28","482529880000"
"446070","유니드비티플러스","KOSPI","종이·목재","2440","-140","-5.43","25891364600"
"000910","유니온","KOSPI","비금속","3500","-110","-3.05","54640666500"
"047400","유니온머티리얼","KOSPI","비금속","1306","-63","-4.60","54852000000"
"011330","유니켐","KOSPI","운송장비·부품","518","-18","-3.36","46717299566"
"077500","유니퀘스트","KOSPI","유통","7300","-300","-3.95","157680744600"
"002920","유성기업","KOSPI","운송장비·부품","1776","-14","-0.78","46082760000"
"000700","유수홀딩스","KOSPI","일반서비스","5350","-10","-0.19","139323694200"
"003470","유안타증권","KOSPI","증권","5180","-170","-3.18","1033910263680"
"003475","유안타증권우","KOSPI","증권","4215","-80","-1.86","54424973580"
"072130","유엔젤","KOSPI","IT 서비스","4790","-95","-1.94","60811224660"
"000220","유유제약","KOSPI","제약","3995","-165","-3.97","68044242245"
"000225","유유제약1우","KOSPI","제약","3985","-225","-5.34","9033716050"
"000227","유유제약2우B","KOSPI","제약","10670","40","0.38","3473725200"
"001200","유진투자증권","KOSPI","증권","4755","-50","-1.04","460599817590"
"000100","유한양행","KOSPI","제약","85000","1400","1.67","6770046085000"
"000105","유한양행우","KOSPI","제약","71600","600","0.85","84555304000"
"003460","유화증권","KOSPI","증권","3090","-15","-0.48","175210462350"
"003465","유화증권우","KOSPI","증권","3130","-5","-0.16","54701210250"
"008730","율촌화학","KOSPI","화학","19640","-660","-3.25","487072000000"
"008250","이건산업","KOSPI","종이·목재","3025","-200","-6.20","33131720875"
"025820","이구산업","KOSPI","금속","5250","-240","-4.37","175570500000"
"214320","이노션","KOSPI","일반서비스","19950","-350","-1.72","798000000000"
"088260","이리츠코크렙","KOSPI","부동산","4100","-80","-1.91","259700519000"
"139480","이마트","KOSPI","유통","86100","-1000","-1.15","2376000015900"
"457190","이수스페셜티케미컬","KOSPI","화학","96300","-2600","-2.63","2910077373600"
"007660","이수페타시스","KOSPI","전기·전자","129200","1700","1.33","9484471094800"
"005950","이수화학","KOSPI","화학","13830","-1720","-11.06","363648357270"
"015020","이스타코","KOSPI","부동산","928","0","0.00","19883142400"
"074610","이엔플러스","KOSPI","기계·장비","5110","0","0.00","44815400070"
"102460","이연제약","KOSPI","제약","10250","-800","-7.24","190514812750"
"084680","이월드","KOSPI","기타제조","1335","-35","-2.55","189311267655"
"350520","이지스레지던스리츠","KOSPI","부동산","3365","-105","-3.03","124054769730"
"334890","이지스밸류플러스리츠","KOSPI","부동산","3755","-185","-4.70","260779804665"
"000760","이화산업","KOSPI","유통","13920","-520","-3.60","38976000000"
"014990","인디에프","KOSPI","섬유·의류","511","-25","-4.66","38382740445"
"101140","인바이오젠","KOSPI","유통","7040","-1040","-12.87","70711280640"
"006490","인스코비","KOSPI","통신","344","-5","-1.43","50872823904"
"023800","인지컨트롤스","KOSPI","운송장비·부품","6390","-230","-3.47","101020768830"
"034590","인천도시가스","KOSPI","전기·가스","26000","-250","-0.95","113743604000"
"129260","인터지스","KOSPI","운송·창고","2050","5","0.24","60983141700"
"023810","인팩","KOSPI","운송장비·부품","5930","-40","-0.67","59300000000"
"249420","일동제약","KOSPI","제약","21350","-450","-2.06","675476680200"
"000230","일동홀딩스","KOSPI","제약","7610","-280","-3.55","87822444000"
"013360","일성건설","KOSPI","건설","1364","-61","-4.28","73689936320"
"003120","일성아이에스","KOSPI","제약","19640","290","1.50","261212000000"
"003200","일신방직","KOSPI","섬유·의류","10500","120","1.16","241080000000"
"007110","일신석재","KOSPI","유통","1167","-43","-3.55","90391863870"
"007570","일양약품","KOSPI","제약","8910","-170","-1.87","170053266240"
"007575","일양약품우","KOSPI","제약","8190","-90","-1.09","3645205200"
"008500","일정실업","KOSPI","섬유·의류","1838","-50","-2.65","11028000000"
"081000","일진다이아","KOSPI","화학","11220","-460","-3.94","159357379500"
"020760","일진디스플","KOSPI","전기·전자","902","0","0.00","50984432422"
"103590","일진전기","KOSPI","전기·전자","92900","-3000","-3.13","4429972731000"
"271940","일진하이솔루스","KOSPI","운송장비·부품","14130","-220","-1.53","513105374700"
"015860","일진홀딩스","KOSPI","기타금융","8840","-610","-6.46","436231749720"
"226320","잇츠한불","KOSPI","화학","10580","-210","-1.95","232012152700"
"317400","자이에스앤디","KOSPI","부동산","3730","-90","-2.36","144658799600"
"033240","자화전자","KOSPI","전기·전자","39650","-2900","-6.82","856658154300"
"000950","전방","KOSPI","섬유·의류","26150","-600","-2.24","43932000000"
"079900","전진건설로봇","KOSPI","기계·장비","60200","4900","8.86","878471209000"
"348950","제이알글로벌리츠","KOSPI","부동산","1182","0","0.00","233298432000"
"194370","제이에스코퍼레이션","KOSPI","섬유·의류","11120","-210","-1.85","322666348960"
"030000","제일기획","KOSPI","일반서비스","18460","150","0.82","2123661013500"
"271980","제일약품","KOSPI","제약","11830","0","0.00","173958635760"
"001560","제일연마","KOSPI","비금속","9750","-200","-2.01","74100000000"
"002620","제일파마홀딩스","KOSPI","일반서비스","7900","-310","-3.78","126189504500"
"006220","제주은행","KOSPI","은행","9950","-320","-3.12","376095642150"
"089590","제주항공","KOSPI","운송·창고","4860","-95","-1.92","391915187100"
"004910","조광페인트","KOSPI","화학","3660","-140","-3.68","46848000000"
"004700","조광피혁","KOSPI","섬유·의류","63400","-400","-0.63","421555349200"
"001550","조비","KOSPI","화학","11330","-370","-3.16","58828067870"
"462520","조선내화","KOSPI","비금속","14490","-230","-1.56","171781384320"
"120030","조선선재","KOSPI","금속","90400","-1100","-1.20","113691650400"
"018470","조일알미늄","KOSPI","금속","1282","-71","-5.25","162341866322"
"002600","조흥","KOSPI","음식료·담배","139800","200","0.14","83880000000"
"185750","종근당","KOSPI","제약","79400","100","0.13","1095940732000"
"063160","종근당바이오","KOSPI","제약","16950","-690","-3.91","92987055900"
"001630","종근당홀딩스","KOSPI","제약","44900","-300","-0.66","224942758900"
"109070","주성코퍼레이션","KOSPI","전기·전자","1369","21","1.56","72297204870"
"044380","주연테크","KOSPI","전기·전자","1777","81","4.78","22916753532"
"013890","지누스","KOSPI","기타제조","9040","-490","-5.14","198209349520"
"013870","지엠비코리아","KOSPI","운송장비·부품","3930","-140","-3.44","74954060400"
"071320","지역난방공사","KOSPI","전기·가스","71500","1000","1.42","827880196000"
"088790","진도","KOSPI","유통","2705","-120","-4.25","33671147520"
"003780","진양산업","KOSPI","화학","4855","-165","-3.29","63115000000"
"010640","진양폴리","KOSPI","화학","1895","-39","-2.02","31646500000"
"100250","진양홀딩스","KOSPI","화학","2930","-40","-1.35","187227000000"
"051630","진양화학","KOSPI","화학","1622","-89","-5.20","34386400000"
"272450","진에어","KOSPI","운송·창고","6130","0","0.00","319986000000"
"011000","진원생명과학","KOSPI","제약","1122","-58","-4.92","101970621654"
"002780","진흥기업","KOSPI","건설","973","-43","-4.23","141544007885"
"002787","진흥기업2우B","KOSPI","건설","7840","-220","-2.73","2311294720"
"002785","진흥기업우B","KOSPI","건설","3160","-40","-1.25","2708808880"
"025620","차AI헬스케어","KOSPI","화학","6750","-460","-6.38","122876817750"
"009310","참엔지니어링","KOSPI","기계·장비","5330","0","0.00","23329484620"
"000650","천일고속","KOSPI","운송·창고","194200","-7800","-3.86","277554524000"
"033250","체시스","KOSPI","운송장비·부품","4090","-140","-3.31","26176000000"
"035720","카카오","KOSPI","IT 서비스","41950","1850","4.61","18528921257300"
"323410","카카오뱅크","KOSPI","은행","22400","1000","4.67","10687497788800"
"377300","카카오페이","KOSPI","기타금융","46550","1450","3.22","6296179601250"
"006380","카프로","KOSPI","화학","3660","0","0.00","618539985360"
"279570","케이뱅크","KOSPI","은행","5790","10","0.17","2348974924290"
"001620","케이비아이동국실업","KOSPI","운송장비·부품","2465","-160","-6.10","54867463790"
"029460","케이씨","KOSPI","의료·정밀기기","31900","-2150","-6.31","351555066500"
"281820","케이씨텍","KOSPI","의료·정밀기기","62600","-3600","-5.44","1239396178600"
"381970","케이카","KOSPI","유통","9080","-220","-2.37","443293299840"
"145270","케이탑리츠","KOSPI","부동산","770","-10","-1.28","37006795980"
"417310","코람코더원리츠","KOSPI","부동산","9790","-200","-2.00","395516000000"
"357120","코람코라이프인프라리츠","KOSPI","부동산","4315","-90","-2.04","420002052510"
"007815","코리아써우","KOSPI","전기·전자","22250","1050","4.95","65964352500"
"007810","코리아써키트","KOSPI","전기·전자","119300","7300","6.52","2861126566000"
"00781K","코리아써키트2우B","KOSPI","전기·전자","19290","220","1.15","15117553710"
"003690","코리안리","KOSPI","보험","12850","-810","-5.93","2270865248350"
"192820","코스맥스","KOSPI","화학","173700","-1400","-0.80","1971409713300"
"044820","코스맥스비티아이","KOSPI","기타금융","18120","-170","-0.93","174023048520"
"005070","코스모신소재","KOSPI","화학","52200","-2400","-4.40","1733800606200"
"005420","코스모화학","KOSPI","화학","14190","-340","-2.34","545012755320"
"071950","코아스","KOSPI","기타제조","2230","0","0.00","27784004850"
"002020","코오롱","KOSPI","기타금융","57600","-2700","-4.48","743482368000"
"003070","코오롱글로벌","KOSPI","건설","9300","-230","-2.41","236442818700"
"003075","코오롱글로벌우","KOSPI","건설","13380","-570","-4.09","9911061060"
"002025","코오롱우","KOSPI","기타금융","28350","-1150","-3.90","32898388950"
"120110","코오롱인더","KOSPI","화학","71800","-400","-0.55","2150125097600"
"120115","코오롱인더우","KOSPI","화학","26050","-400","-1.51","72102753000"
"021240","코웨이","KOSPI","일반서비스","90000","-2400","-2.60","6369068340000"
"036420","콘텐트리중앙","KOSPI","오락·문화","5160","80","1.57","99393509280"
"024720","콜마홀딩스","KOSPI","기타금융","9210","0","0.00","315868545390"
"192400","쿠쿠홀딩스","KOSPI","기타금융","24900","150","0.61","885498406500"
"284740","쿠쿠홈시스","KOSPI","일반서비스","22700","350","1.57","509327391000"
"264900","크라운제과","KOSPI","음식료·담배","8130","-60","-0.73","101818900500"
"26490K","크라운제과우","KOSPI","음식료·담배","8530","-260","-2.96","6598466800"
"005740","크라운해태홀딩스","KOSPI","기타금융","6290","-180","-2.78","93389812630"
"005745","크라운해태홀딩스우","KOSPI","기타금융","6700","-20","-0.30","4024864200"
"259960","크래프톤","KOSPI","IT 서비스","257500","2000","0.78","11880275697500"
"020120","키다리스튜디오","KOSPI","IT 서비스","3720","-110","-2.87","137877209520"
"039490","키움증권","KOSPI","증권","370500","-500","-0.13","9717591078000"
"014580","태경비케이","KOSPI","비금속","4265","-85","-1.95","117641921500"
"015890","태경산업","KOSPI","화학","4840","-70","-1.43","141467150000"
"006890","태경케미컬","KOSPI","화학","7250","-20","-0.28","84100000000"
"003240","태광산업","KOSPI","화학","969000","-24000","-2.42","1078884600000"
"011280","태림포장","KOSPI","종이·목재","1818","6","0.33","128725198920"
"004100","태양금속","KOSPI","운송장비·부품","2700","-215","-7.38","99090000000"
"004105","태양금속우","KOSPI","운송장비·부품","3520","-285","-7.49","11616000000"
"009410","태영건설","KOSPI","건설","1705","-1","-0.06","507391082990"
"009415","태영건설우","KOSPI","건설","9500","1000","11.76","6174753000"
"001420","태원물산","KOSPI","운송장비·부품","2835","-45","-1.56","21546000000"
"055490","테이팩스","KOSPI","화학","19010","-1390","-6.81","90671046500"
"078000","텔코웨어","KOSPI","IT 서비스","14190","-760","-5.08","131116692630"
"214420","토니모리","KOSPI","화학","5770","-240","-3.99","138796190230"
"091810","트리니티항공","KOSPI","운송·창고","875","-18","-2.02","361348299375"
"019180","티에이치엔","KOSPI","전기·전자","8230","-270","-3.18","148140000000"
"217590","티엠씨","KOSPI","전기·전자","22800","-2200","-8.80","549348330000"
"363280","티와이홀딩스","KOSPI","기타금융","2185","-5","-0.23","99411672605"
"36328K","티와이홀딩스우","KOSPI","기타금융","3515","-125","-3.43","4129945735"
"004870","티웨이홀딩스","KOSPI","비금속","272","-24","-8.11","30780470368"
"034230","파라다이스","KOSPI","오락·문화","14100","180","1.29","1306074286200"
"005690","파미셀","KOSPI","전기·전자","15000","-360","-2.34","900060210000"
"036580","팜스코","KOSPI","음식료·담배","2540","-40","-1.55","93288975220"
"004720","팜젠사이언스","KOSPI","제약","3290","-160","-4.64","72230311580"
"028670","팬오션","KOSPI","운송·창고","5490","10","0.18","2934786620880"
"010820","퍼스텍","KOSPI","금속","9330","-740","-7.35","455042181540"
"016800","퍼시스","KOSPI","기타제조","29100","-750","-2.51","334650000000"
"001020","페이퍼코리아","KOSPI","종이·목재","2575","-130","-4.81","91661404650"
"090080","평화산업","KOSPI","운송장비·부품","909","-31","-3.30","49906153431"
"010770","평화홀딩스","KOSPI","운송장비·부품","4675","-10","-0.21","68374053550"
"022100","포스코DX","KOSPI","일반서비스","32450","1650","5.36","4933526956050"
"058430","포스코스틸리온","KOSPI","금속","5940","-100","-1.66","356400000000"
"047050","포스코인터내셔널","KOSPI","유통","63800","-300","-0.47","11223873874400"
"003670","포스코퓨처엠","KOSPI","전기·전자","245500","7500","3.15","21836297010000"
"017810","풀무원","KOSPI","음식료·담배","10140","-220","-2.12","386542295880"
"103140","풍산","KOSPI","금속","80200","-2300","-2.79","2247547095600"
"005810","풍산홀딩스","KOSPI","기타금융","39000","-1200","-2.99","562274388000"
"950210","프레스티지바이오파마","KOSPI","일반서비스","6930","-180","-2.53","416466354150"
"009810","플레이그램","KOSPI","유통","1969","-20","-1.01","29906648750"
"086790","하나금융지주","KOSPI","기타금융","115100","-200","-0.17","31579727794800"
"293480","하나제약","KOSPI","제약","9520","-120","-1.24","169198445920"
"039130","하나투어","KOSPI","일반서비스","37900","550","1.47","587068422800"
"352820","하이브","KOSPI","오락·문화","220000","-3500","-1.57","9482494780000"
"071090","하이스틸","KOSPI","금속","3510","-90","-2.50","70872063210"
"000080","하이트진로","KOSPI","음식료·담배","16020","-460","-2.79","1123540448220"
"000087","하이트진로2우B","KOSPI","음식료·담배","13250","-60","-0.45","14974328500"
"000140","하이트진로홀딩스","KOSPI","기타금융","8320","-190","-2.23","193080284800"
"000145","하이트진로홀딩스우","KOSPI","기타금융","9880","-140","-1.40","4651602800"
"036460","한국가스공사","KOSPI","전기·가스","35500","0","0.00","3277111500000"
"005430","한국공항","KOSPI","운송·창고","82500","-7200","-8.03","261224287500"
"071050","한국금융지주","KOSPI","기타금융","237500","-1000","-0.42","13234923100000"
"071055","한국금융지주우","KOSPI","기타금융","165400","-3300","-1.96","968954715400"
"010040","한국내화","KOSPI","비금속","1618","-36","-2.18","66446506316"
"025540","한국단자","KOSPI","전기·전자","78800","-1100","-1.38","797062000000"
"010100","한국무브넥스","KOSPI","운송장비·부품","4260","-140","-3.18","129718789200"
"004090","한국석유","KOSPI","비금속","12650","-530","-4.02","160580618000"
"002200","한국수출포장","KOSPI","종이·목재","2605","-85","-3.16","87267346305"
"002960","한국쉘석유","KOSPI","화학","492000","-9000","-1.80","639600000000"
"000240","한국앤컴퍼니","KOSPI","기타금융","24300","200","0.83","2306926332000"
"123890","한국자산신탁","KOSPI","기타금융","2300","-35","-1.50","281460029800"
"015760","한국전력","KOSPI","전기·가스","38900","-150","-0.38","24972402595300"
"006200","한국전자홀딩스","KOSPI","기타금융","2900","-45","-1.53","27145818300"
"027970","한국제지","KOSPI","종이·목재","690","3","0.44","131203996800"
"023350","한국종합기술","KOSPI","일반서비스","4610","-115","-2.43","50479500000"
"025890","한국주강","KOSPI","기계·장비","1962","10","0.51","21865736592"
"000970","한국주철관","KOSPI","금속","6700","0","0.00","152763350000"
"104700","한국철강","KOSPI","금속","8690","-310","-3.44","316750500000"
"017960","한국카본","KOSPI","금속","32250","-2300","-6.66","1666566673500"
"161890","한국콜마","KOSPI","화학","85500","-1100","-1.27","2018234083500"
"161390","한국타이어앤테크놀로지","KOSPI","화학","66800","3800","6.03","8274854609200"
"034830","한국토지신탁","KOSPI","기타금융","1231","-61","-4.72","310814242130"
"007280","한국특강","KOSPI","금속","2375","-120","-4.81","72215805625"
"047810","한국항공우주","KOSPI","운송장비·부품","168300","400","0.24","16405060508100"
"123690","한국화장품","KOSPI","유통","7140","-250","-3.38","114725520000"
"003350","한국화장품제조","KOSPI","화학","8740","-100","-1.13","198048400000"
"011500","한농화성","KOSPI","화학","18620","-380","-2.00","291161722040"
"002390","한독","KOSPI","제약","8410","-60","-0.71","115751312530"
"053690","한미글로벌","KOSPI","일반서비스","20750","-400","-1.89","227369162500"
"042700","한미반도체","KOSPI","기계·장비","282000","-10500","-3.59","26878040400000"
"008930","한미사이언스","KOSPI","기타금융","31750","50","0.16","2171431712500"
"128940","한미약품","KOSPI","제약","491000","5500","1.13","6290196581000"
"009240","한샘","KOSPI","유통","30800","100","0.33","724844982400"
"020000","한섬","KOSPI","섬유·의류","22700","-1100","-4.62","487527763800"
"003680","한성기업","KOSPI","음식료·담배","4685","-25","-0.53","29091577775"
"105630","한세실업","KOSPI","섬유·의류","8860","-330","-3.59","354400000000"
"069640","한세엠케이","KOSPI","유통","1230","71","6.13","27555998730"
"016450","한세예스24홀딩스","KOSPI","섬유·의류","4340","75","1.76","173600000000"
"009180","한솔로지스틱스","KOSPI","운송·창고","2845","-45","-1.56","80103322125"
"213500","한솔제지","KOSPI","종이·목재","6660","10","0.15","158511836160"
"014680","한솔케미칼","KOSPI","화학","270000","-11000","-3.91","3069952650000"
"004710","한솔테크닉스","KOSPI","전기·전자","12480","-70","-0.56","392090612160"
"004150","한솔홀딩스","KOSPI","기타금융","4140","75","1.85","169850206800"
"025750","한솔홈데코","KOSPI","종이·목재","2060","-135","-6.15","33192839740"
"004960","한신공영","KOSPI","건설","11650","-280","-2.35","134798678300"
"011700","한신기계","KOSPI","기계·장비","3220","-150","-4.45","104476606220"
"001750","한양증권","KOSPI","증권","23200","-150","-0.64","295301988800"
"001755","한양증권우","KOSPI","증권","23650","-1250","-5.02","12416250000"
"018880","한온시스템","KOSPI","기계·장비","5630","530","10.39","5777858167760"
"009420","한올바이오파마","KOSPI","제약","62500","0","0.00","3265039875000"
"014130","한익스프레스","KOSPI","운송·창고","2395","5","0.21","28740000000"
"300720","한일시멘트","KOSPI","비금속","14470","-50","-0.34","1064199174230"
"002220","한일철강","KOSPI","금속","4975","-115","-2.26","132819863500"
"003300","한일홀딩스","KOSPI","비금속","16320","80","0.49","503192666880"
"051600","한전KPS","KOSPI","건설","51000","-300","-0.58","2295000000000"
"052690","한전기술","KOSPI","일반서비스","134300","-1400","-1.03","5132946000000"
"130660","한전산업","KOSPI","일반서비스","13960","-360","-2.51","455096000000"
"002320","한진","KOSPI","운송·창고","17110","50","0.29","265523519760"
"003480","한진중공업홀딩스","KOSPI","전기·가스","5140","-130","-2.47","151783233680"
"180640","한진칼","KOSPI","기타금융","110100","1600","1.47","7350526917900"
"18064K","한진칼우","KOSPI","기타금융","29400","200","0.68","15780920400"
"005110","한창","KOSPI","유통","1254","0","0.00","26467434378"
"009460","한창제지","KOSPI","종이·목재","1958","-57","-2.83","23365787126"
"372910","한컴라이프케어","KOSPI","의료·정밀기기","2060","-80","-3.74","57009276360"
"000880","한화","KOSPI","화학","133700","-5500","-3.95","9426908770300"
"00088K","한화3우B","KOSPI","화학","47600","100","0.21","923651391600"
"452260","한화갤러리아","KOSPI","유통","3010","-60","-1.95","583517426100"
"45226K","한화갤러리아우","KOSPI","유통","6200","-270","-4.17","18007714000"
"451800","한화리츠","KOSPI","부동산","5050","-170","-3.26","906980000000"
"489790","한화비전","KOSPI","전기·전자","67100","-200","-0.30","3387770969000"
"088350","한화생명","KOSPI","보험","4880","-55","-1.11","4238426400000"
"000370","한화손해보험","KOSPI","보험","6320","-120","-1.86","737789942800"
"009830","한화솔루션","KOSPI","화학","41850","1150","2.83","7193702631600"
"009835","한화솔루션우","KOSPI","화학","23200","-350","-1.49","59748096800"
"272210","한화시스템","KOSPI","전기·전자","105000","-900","-0.85","19836535845000"
"012450","한화에어로스페이스","KOSPI","운송장비·부품","1173000","-27000","-2.25","60483869373000"
"082740","한화엔진","KOSPI","기계·장비","64200","-2800","-4.18","5357306516400"
"042660","한화오션","KOSPI","운송장비·부품","123300","-900","-0.72","37780771480200"
"003530","한화투자증권","KOSPI","증권","6120","-80","-1.29","1313032383000"
"003535","한화투자증권우","KOSPI","증권","7410","20","0.27","35568000000"
"195870","해성디에스","KOSPI","전기·전자","89100","-1500","-1.66","1514700000000"
"101530","해태제과식품","KOSPI","음식료·담배","6200","-40","-0.64","180524296400"
"143210","핸즈코퍼레이션","KOSPI","운송장비·부품","1199","0","0.00","26229020653"
"000720","현대건설","KOSPI","건설","147000","5600","3.96","16369297455000"
"000725","현대건설우","KOSPI","건설","59400","-200","-0.34","62648764200"
"453340","현대그린푸드","KOSPI","유통","16720","-660","-3.80","542924934640"
"086280","현대글로비스","KOSPI","운송·창고","242500","9500","4.08","18187500000000"
"064350","현대로템","KOSPI","운송장비·부품","200500","-5500","-2.67","21883029746500"
"079430","현대리바트","KOSPI","기타제조","6790","230","3.51","136575431580"
"012330","현대모비스","KOSPI","운송장비·부품","768000","82000","11.95","69682623744000"
"069960","현대백화점","KOSPI","유통","109800","600","0.55","2367827337600"
"004560","현대비앤지스틸","KOSPI","금속","14700","-380","-2.52","221658521700"
"004310","현대약품","KOSPI","제약","6740","-200","-2.88","215680000000"
"017800","현대엘리베이터","KOSPI","기계·장비","78800","-1600","-1.99","3080479938000"
"307950","현대오토에버","KOSPI","IT 서비스","931000","185000","24.80","25531727242000"
"011210","현대위아","KOSPI","운송장비·부품","91000","2700","3.06","2474752553000"
"004020","현대제철","KOSPI","금속","40150","650","1.65","5357848267750"
"005440","현대지에프홀딩스","KOSPI","기타금융","13730","440","3.31","2140566052730"
"005380","현대차","KOSPI","운송장비·부품","723000","46000","6.79","148039864818000"
"005387","현대차2우B","KOSPI","운송장비·부품","272000","8500","3.23","9510188960000"
"005389","현대차3우B","KOSPI","운송장비·부품","258500","4500","1.77","601646342000"
"005385","현대차우","KOSPI","운송장비·부품","274000","9000","3.40","6395423040000"
"001500","현대차증권","KOSPI","증권","9520","-220","-2.26","588650578880"
"011760","현대코퍼레이션","KOSPI","유통","27650","-600","-2.12","365780909900"
"227840","현대코퍼레이션홀딩스","KOSPI","유통","12330","-320","-2.53","112213307880"
"126560","현대퓨처넷","KOSPI","통신","2975","0","0.00","324873094000"
"001450","현대해상","KOSPI","보험","34550","-150","-0.43","2945327037500"
"057050","현대홈쇼핑","KOSPI","유통","81000","500","0.62","972000000000"
"093240","형지엘리트","KOSPI","섬유·의류","719","-47","-6.14","44139596221"
"003010","혜인","KOSPI","유통","5570","60","1.09","70810000790"
"111110","호전실업","KOSPI","섬유·의류","6910","-170","-2.40","62646060000"
"008770","호텔신라","KOSPI","유통","55100","-200","-0.36","2162571467100"
"008775","호텔신라우","KOSPI","유통","34000","-550","-1.59","25563886000"
"378850","화승알앤에이","KOSPI","운송장비·부품","3375","-50","-1.46","64103477625"
"241590","화승엔터프라이즈","KOSPI","섬유·의류","3530","-10","-0.28","213880144280"
"006060","화승인더","KOSPI","유통","2785","-65","-2.28","154066200000"
"013520","화승코퍼레이션","KOSPI","운송장비·부품","2615","-105","-3.86","130884023980"
"010690","화신","KOSPI","운송장비·부품","11330","30","0.27","395648245300"
"133820","화인베스틸","KOSPI","금속","1226","-59","-4.59","45502379452"
"010660","화천기계","KOSPI","기계·장비","4115","105","2.62","90530000000"
"000850","화천기공","KOSPI","기계·장비","34200","-850","-2.43","75240000000"
"016580","환인제약","KOSPI","제약","10410","-50","-0.48","193626728700"
"032560","황금에스티","KOSPI","금속","5790","-140","-2.36","98430000000"
"004800","효성","KOSPI","기타금융","198300","-3700","-1.83","3319622708100"
"094280","효성ITX","KOSPI","일반서비스","12280","-40","-0.32","141934696000"
"298040","효성중공업","KOSPI","전기·전자","3685000","32000","0.88","34360959380000"
"298020","효성티앤씨","KOSPI","화학","363500","-7500","-2.02","1573112407000"
"298000","효성화학","KOSPI","화학","38900","0","0.00","147501447900"
"093370","후성","KOSPI","화학","11470","-420","-3.53","1230218635100"
"005870","휴니드","KOSPI","전기·전자","6270","-210","-3.24","88507414050"
"079980","휴비스","KOSPI","화학","2180","-100","-4.39","75210000000"
"005010","휴스틸","KOSPI","금속","4985","-275","-5.23","280097553875"
"000540","흥국화재","KOSPI","보험","3570","-65","-1.79","229346242650"
"000545","흥국화재우","KOSPI","보험","6530","80","1.24","5015040000"
"003280","흥아해운","KOSPI","운송·창고","2100","-225","-9.68","504892287900"